dates,RPI,UNRATE,PAYEMS,WPSFD49207,PCEPI,GS5,GS10,BAAFFM
NaN,5,1,5,5,5,1,1,1
NaN,0,0,0,0,0,0,0,0
715570,7.71732932280536,5.6,7.40196477574955,0,0.820155985823234,3.99,3.99,2.05
715601,7.79776546336635,5.2,6.92906425141615,0,2.38272602484546,4.12,4.12,1.9
715631,6.99153139503821,5.1,5.14265648453431,3.60902527674583,0.594942996817061,4.35,4.31,2.06
715662,3.72959665022528,5,2.93198940986912,-3.60902527674583,3.4152098780492,4.5,4.34,1.65
715692,-0.702647787885269,5.1,2.74643093322311,-3.61991224731089,2.5180531365077,4.58,4.4,1.61
715723,-6.83431957116447,5.2,-10.4835462366914,-3.63086509984463,1.77427336414162,4.57,4.43,1.59
715754,0.945980236496169,5.5,2.06811335891928,14.4580062194091,3.09867986506589,4.9,4.68,1.42
715784,1.46768838118554,5.7,-1.57324016315954,-10.8271411195645,2.9437031810696,4.72,4.53,1.3
715815,9.11538914348746,5.8,6.19113082585514,-3.63086509984463,0.734798871774345,4.75,4.53,1.26
715845,12.2361778026043,5.3,12.0214718635509,0,1.39487948164518,5.01,4.69,1.29
715876,3.83144789003751,5.2,2.21304282256654,3.63086509984463,-0.660530275691151,4.92,4.72,1.35
715907,1.3737303308833,4.8,5.27269731539306,0,1.24736322338475,4.69,4.49,1.37
715936,2.29170664291161,5.4,-1.29947611513117,10.8271411195645,0.659844220077765,4.31,4.25,1.41
715967,4.1109809881366,5.2,7.88530023026155,0,4.38971346725445,4.29,4.28,1.28
715997,2.88345403864092,5.1,-7.42261352034532,0,1.24083828458268,4.49,4.35,1.43
716028,0.947152067615775,5.4,-2.80087976232934,0,0.510560712761965,4.12,4.15,1.94
716058,2.19856684696325,5.5,-0.927715546785635,3.58744661803954,2.11286900764609,3.79,3.9,1.99
716089,-1.94857984187848,5.6,-0.751533484380928,-3.58744661803954,2.03648754858818,3.62,3.8,2.1
716120,1.5291601786533,5.5,-0.995400936345447,0,0.726480225602977,3.61,3.8,2.41
716150,3.54435227936385,6.1,-1.88245754629719,10.7303248507939,1.37910192103305,3.76,3.89,2.64
716181,-5.15294193635043,6.1,-4.01839362394938,0,4.05552588784985,3.81,3.93,2.64
716211,-5.48398223213624,6.6,-4.8800936313981,-3.5661244669889,0.216874002819267,3.67,3.84,3.12
716242,10.7067089754235,6.6,-1.31812905969184,0,0.216834814624178,3.67,3.84,3.65
716273,4.58248077786649,6.9,-2.81984463960967,3.5661244669889,1.15579108381176,3.66,3.78,2.53
716301,4.94772444794194,6.9,2.28324199609773,-3.5661244669889,-0.72223896251824,3.6,3.74,3
716332,2.60256035716466,7,-0.715843654134574,-7.16420038380505,-0.722673915247007,3.57,3.78,3.52
716362,9.29853670856069,7.1,3.55264519862715,-3.59820359550778,0.65042610523669,3.47,3.71,3.03
716393,11.2469659501794,6.9,4.25378358074084,0,0.57786072265813,3.81,3.88,3.3
716423,3.41995395403352,7,3.24144507916557,0,2.59693518846849,3.84,3.92,3.92
716454,0.662970850546429,6.6,3.87379165231323,3.59820359550778,1.0084034206864,3.96,4.04,3.11
716485,1.47175823419694,6.7,1.98737693328468,-3.59820359550778,1.3671935038122,3.9,3.98,3.24
716515,11.7626348921608,6.5,2.95289837739077,0,-0.0719187318546588,3.8,3.92,2.87
716546,10.6899803510284,6.1,4.83233922900297,3.59820359550778,0.0719187318546588,3.82,3.94,2.5
716576,7.20337019962685,6,2.84635307790211,0,0.287631832633295,3.91,4.06,2.77
716607,-1.14226218965854,5.8,0.415440544222889,3.58744661803954,2.226812168146,3.94,4.08,2.93
716638,4.96972401147708,5.5,6.47536523429793,3.57675376576552,3.29670537016629,3.89,4.04,2.7
716666,8.24495182967766,5.6,1.8902260772677,-3.57675376576552,1.57348931830832,3.68,3.93,2.19
716697,6.13451683053832,5.6,7.07813410691784,0,1.35726418612627,3.6,3.84,2.24
716727,1.74678912725206,5.5,0.560999740507384,-3.58744661803954,0.713733441608255,3.66,3.87,2.64
716758,1.62723958481479,5.5,0.345100297151646,0,0.784616784275727,3.64,3.91,2.34
716788,5.83100756584365,5.4,2.19768442788677,0,-0.713266782768684,3.8,4.01,2.34
716819,1.88619369023755,5.7,1.97877876785384,3.58744661803954,1.78237266526313,3.71,3.98,2.13
716850,0.540880118891707,5.6,3.00493825191879,10.6984363895426,5.89856388873411,3.7,3.98,2.13
716880,6.3982519361435,5.4,1.34977116329793,-7.12168262377713,-1.2767467808013,3.64,3.93,2.09
716911,4.31874084679116,5.7,0.321150434132988,0,0.922231135220208,3.6,3.92,2.02
716941,5.73255709365519,5.5,-0.599550349718925,-3.57675376576552,-0.567442970734078,3.56,3.86,1.99
716972,7.32333145944963,5.7,1.86190882970223,-3.58744661803954,2.9760865564322,3.58,3.83,1.99
717003,-6.34238515814189,5.9,2.45671900306945,0,1.27320966851343,3.66,3.92,1.89
717031,5.3586173756937,5.7,1.91914745481228,-3.59820359550778,-0.919404789340206,3.68,3.93,1.9
717062,3.28378738738735,5.7,5.52702482836054,0,-0.0707526311336082,3.74,3.97,1.97
717092,5.16357825032934,5.9,0.763277880074753,3.59820359550778,1.90885832810004,3.72,3.93,1.85
717123,5.64973305269199,5.6,0.911057205536281,3.58744661803954,2.61092102647194,3.81,3.99,1.85
717153,0.669750172376737,5.6,2.85580947985906,-3.58744661803954,2.39422648522094,3.89,4.02,1.82
717184,4.21404119741204,5.4,2.44846352446473,0,1.61691931080714,3.89,4,1.34
717215,8.08696487451463,5.5,3.53721700480918,0,-0.210779004611261,3.96,4.08,1.36
717245,6.63038829342355,5.5,4.30217055624667,3.58744661803954,2.31653527730273,3.97,4.11,1.33
717276,2.5044368694445,5.7,-0.586704860732823,0,1.68194853208643,4.01,4.12,1.36
717306,9.40004667719521,5.5,2.21958603100774,-3.58744661803954,1.81945451231265,4.04,4.13,1.47
717337,4.31358570627616,5.6,2.63304647295755,3.58744661803954,2.51469909827549,4.07,4.17,1.35
717368,4.98285106812411,5.4,5.53975298318932,0,1.67354318484048,4.03,4.15,1.35
717397,6.09493503686949,5.4,2.98832839258125,-3.58744661803954,0.696621405840148,4.14,4.22,1.4
717428,7.19045155171116,5.3,0.518049723550007,3.58744661803954,0.97459107340967,4.15,4.23,1.38
717458,7.26142424376732,5.1,3.45484718559632,0,0.0695833695942838,4.05,4.2,1.35
717489,4.17395566661654,5.2,2.68253370299192,0,1.73827419797945,4.02,4.17,1.35
717519,6.52523707332548,4.9,3.97150348363269,0,1.52760117840334,4.03,4.19,1.41
717550,6.7532240879153,5,4.24503352174881,3.57675376576552,0.901760208914659,4.05,4.19,1.32
717581,4.91221347262965,5.1,5.79977644022733,0,1.87072412955125,4.08,4.2,1.37
717611,0.707968968382033,5.1,-2.24306753728101,0,0.692121371130483,4.07,4.19,1.45
717642,8.00049578159303,4.8,8.64329943617292,0,1.72855896905038,4.04,4.15,1.29
717672,11.8375640357257,5,4.10657941714518,0,1.72607262003091,4.09,4.18,0.96
717703,7.49965029388378,4.9,3.24697894801247,0,1.31015671684143,4.1,4.19,0.9
717734,0.705250735602903,5.1,4.38257510800781,3.5661244669889,0.482328966328538,4.15,4.21,0.8
717762,5.74358340335408,4.7,4.06668001866777,0,1.58343157136276,4.15,4.21,0.74
717793,4.96251219221264,4.8,5.10885340351308,10.6352247094145,1.85614886195893,4.15,4.2,0.71
717823,6.59661464453265,4.6,4.61118579827726,3.52423160797137,2.67604536666717,4.15,4.21,0.71
717854,3.47494151714969,4.6,3.94121544895611,3.51391173490647,3.49046357825387,4.15,4.21,0.81
717884,8.03970423534182,4.4,5.42518699735623,-3.51391173490647,0.888104563607328,4.15,4.2,0.79
717915,5.01434871972037,4.4,5.16560666067889,3.51391173490647,0.27313076253126,4.2,4.25,0.76
717946,29.0392459915779,4.3,5.12395048310168,3.5036521240011,0.5460750947476,4.25,4.29,0.9
717976,-5.20092645533055,4.2,4.46071823378915,3.49345224895039,0.409393305841377,4.34,4.35,0.85
718007,8.86936985580533,4.1,5.37365000952263,3.48331158955393,2.04487411028023,4.46,4.45,0.85
718037,6.35808315900803,4,6.29355196671,6.93643549859893,4.35078654715593,4.72,4.62,0.7
718068,2.99016571497788,4,3.97914678469675,0,1.3563921417024,4.86,4.61,0.64
718099,5.89122298624929,3.8,5.11311366051146,10.3300494439202,5.00536208488143,4.98,4.83,0.52
718127,6.43321769733021,3.8,7.54360042085622,0,2.89895924577461,4.92,4.87,0.67
718158,-1.00695787007226,3.8,4.64349188343576,3.42368277888774,4.16760445792423,4.83,4.75,0.74
718188,3.9406512698676,3.9,5.1907685401666,0,1.47535505339675,4.89,4.78,0.58
718219,5.83443244731967,3.8,7.49163382360791,-6.8571615161261,3.01213378066976,4.97,4.81,0.41
718249,4.87575667155298,3.8,3.55107258485887,6.8571615161261,2.27083053239134,5.17,5.02,0.38
718280,5.99766352681854,3.8,3.83827418723115,10.2128276014906,4.59528269188869,5.5,5.22,0.3
718311,7.20904227379933,3.7,2.52729477853109,6.76058126190746,3.78287512896129,5.5,5.18,0.69
718341,4.96264779510796,3.7,3.91051876217219,-3.3755296519379,3.17635566509207,5.27,5.01,0.57
718372,7.39906177368042,3.6,3.04913425470588,0,1.78301218726382,5.36,5.16,0.37
718402,-0.313984040367643,3.8,3.31751582076052,-3.38505160996956,2.43909222325769,5,4.84,0.78
718433,11.0771936717775,3.9,3.82218597951578,0,0.131701695791264,4.7,4.58,1.03
718464,1.46267963819611,3.8,0.403558657386327,-3.39462744057322,1.38199582030154,4.74,4.63,0.82
718492,7.26365829717466,3.8,1.85096135477352,0,0.65753426302706,4.54,4.54,1.32
718523,-0.954171527155268,3.8,-1.1725549804666,0,1.97044379249327,4.51,4.59,1.78
718553,2.20748395752253,3.8,2.81952435832764,3.39462744057322,2.29476917356788,4.75,4.85,2.02
718584,4.69521501683658,3.9,2.37497222990228,10.1266423750374,3.85841908482334,5.01,5.02,2.17
718614,6.15965804413037,3.8,2.51599174500541,0,4.04128573157383,5.23,5.16,2.47
718645,5.60806587939311,3.8,4.63528081250857,3.35664554527337,3.7682759715242,5.31,5.28,2.43
718676,0.950001637627196,3.8,0.380932229005282,0,3.62714153197032,5.4,5.3,2.41
718706,1.6115329136575,4,1.10583213379059,3.34728250509446,3.29377780056728,5.57,5.48,2.64
718737,7.55016137769005,3.9,8.63027311587743,0,3.99206248944299,5.78,5.75,2.59
718767,3.31853212685473,3.8,3.53884525538248,3.33797155425213,1.92688581786555,5.75,5.7,2.42
718798,6.59862105636719,3.7,-1.72320977377325,3.32871225927018,5.50665285187453,5.54,5.53,2.24
718829,9.06895627985662,3.8,7.36017350021285,3.3195041914686,4.90902530801733,5.59,5.56,2.09
718858,10.1691989222026,3.7,1.42740333535514,3.31034692689531,3.93817842345516,5.76,5.74,1.8
718889,5.3788292237428,3.5,4.64513264399571,6.5934231811692,3.73565794366471,5.69,5.64,1.21
718919,6.28031037409826,3.5,1.70404146734526,0,4.41710547637619,6.04,5.87,0.92
718950,5.54961395582296,3.7,4.47930173308322,3.28317578264929,3.83597863661649,5.85,5.72,1
718980,7.32587654412384,3.7,3.89911466247028,3.27421758384521,3.63598648254175,5.6,5.5,0.96
719011,5.47432000336343,3.5,3.58797242151496,3.26530813723274,4.9348082350571,5.5,5.42,0.79
719042,5.62221643400918,3.4,2.70147905986136,6.50408096320678,4.16937178843551,5.48,5.46,1.01
719072,2.02996369338919,3.4,4.14562563837109,0,5.26873957792251,5.55,5.58,0.93
719103,5.46760187522963,3.4,4.58371713057204,3.2388683629982,4.0134849216594,5.66,5.7,1.19
719133,4.8241209174229,3.4,4.58360416072523,0,2.52469624879783,6.12,6.03,1.21
719164,1.11100536502278,3.4,3.30528665133727,3.23014999885398,4.66592217853119,6.25,6.04,1.02
719195,5.63763697310335,3.4,4.48476136142304,0,2.99870110403582,6.34,6.19,0.69
719223,5.34813854256129,3.4,3.54144837423149,6.43433176966219,5.67088633822799,6.41,6.3,0.72
719254,2.94135164524434,3.4,2.86332890519958,6.40001517043487,5.22030263302753,6.3,6.17,0.13
719284,4.67593864162481,3.4,4.37607322570912,6.36606267563202,4.83579135180072,6.54,6.32,-1.15
719315,4.06447788442534,3.5,5.24390040240021,6.3324685210123,5.83737767522123,6.75,6.57,-1.2
719345,6.62078551427143,3.5,1.57889174972468,3.15374688752357,5.21153945301283,7.01,6.72,-0.77
719376,7.4199631305774,3.5,4.7242488894419,3.1454801758489,3.34262054571166,7.03,6.69,-1.33
719407,3.08436686842413,3.7,-1.58960579042997,3.13725668888498,4.99653740613581,7.57,7.16,-1.1
719437,2.22865012884697,3.7,3.49773190925546,6.25001412856623,4.08879188702063,7.51,7.1,-0.78
719468,1.21380435202667,3.5,-0.590688234024839,9.31440640258678,5.1356548367373,7.53,7.14,-0.6
719498,2.53345732381689,3.5,2.61370047190894,3.08880479420726,5.46564110640979,7.96,7.65,-0.32
719529,2.10089875688695,3.9,-1.09537492596985,6.15385964030342,4.33128945497412,8.17,7.79,-0.12
719560,2.9726611454933,4.2,2.17292189551657,-3.07298503400837,4.72315291836267,7.82,7.24,-0.2
719588,4.58316444525479,4.4,2.45453866855811,3.07298503400837,3.02237881365333,7.21,7.07,0.87
719619,11.9342271129824,4.6,-1.73110485976622,0,6.02201611230697,7.5,7.39,0.6
719649,-6.90532910404755,4.8,-3.77337612282602,0,3.80604865174572,7.97,7.91,1.04
719680,3.74808003943699,4.9,-1.603905889732,3.06513576611618,3.10508582854236,7.85,7.84,1.65
719710,6.66850131617949,5,0.405399702622589,0,4.41377172472439,7.59,7.46,2.19
719741,3.05644303183072,5.1,-1.96070189405546,0,3.14278411109239,7.57,7.53,2.83
719772,-0.825852016967588,5.4,0.11840908940286,12.1828457568215,5.35232204049763,7.29,7.39,3.1
719802,-4.1650253312099,5.5,-7.17635475649203,0,5.95056592562884,7.12,7.33,3.13
719833,-1.17705704400137,5.9,-1.90733028162668,6.04535283594849,4.68298781786274,6.47,6.84,3.78
719863,4.06598591641796,6.1,6.50988487549782,0,5.33771218366024,5.95,6.39,4.22
719894,10.3179030988379,5.9,1.23679038458349,3.01129392651127,2.5201269325402,5.89,6.24,4.6
719925,2.36096699723376,5.9,-0.982551300023005,6.00001250004674,3.51930983342559,5.56,6.11,4.67
719953,3.76044662341144,6,0.89788028217157,2.98879357494215,3.95387507622313,5,5.7,4.75
719984,3.17564538828776,5.9,2.97682962602579,2.98136799319426,4.71644192570349,5.65,5.83,4.3
720014,4.63198989336817,5.9,3.55910664816363,5.94060619182741,4.97375677507854,6.28,6.39,3.99
720045,22.3082187059127,5.9,0.1178939096107,2.95931099423257,5.28271591907146,6.53,6.52,3.84
720075,-15.0790975591448,6,1.02687126187178,-5.92593796869902,3.61842379429511,6.85,6.73,3.45
720106,4.07680430844337,6.1,0.975555110916559,8.87796897773399,3.49838538669935,6.55,6.58,3.2
720137,7.04639879310847,6,4.04512681367848,0,1.79987761852551,6.14,6.14,3.04
720167,3.31467467018811,5.8,0.469090305856668,0,1.85160009507097,5.93,5.93,3.28
720198,6.11776846062497,6,3.42883659894113,2.94478675387975,2.44626237063699,5.78,5.81,3.47
720228,6.25982964241274,6,4.36800615660999,8.79124811048779,4.715346732611,5.69,5.93,4.24
720259,5.77804916101528,5.8,5.51228918091269,-2.92326575745747,4.91239805207524,5.59,5.95,4.73
720290,9.71139179597813,5.7,3.42410752765403,8.74851991521464,4.73140090524815,5.69,6.08,4.94
720319,7.57051442575829,5.8,4.87939570026867,0,1.7158946576199,5.87,6.07,4.41
720350,1.62684055156674,5.7,3.58096442487863,0,1.82045367771053,6.17,6.19,4.07
720380,5.07242575754034,5.7,5.02486566006297,5.79711272359926,2.61874644646447,5.85,6.13,3.96
720411,3.30915934199822,5.7,4.71109844566797,5.76924188172327,1.86704045131361,5.91,6.11,3.74
720441,7.27479479333084,5.6,-0.797466581188644,2.8742528711458,4.25664437818458,5.97,6.11,3.68
720472,11.0739095346936,5.6,7.01253263804631,5.72793450318958,3.50040025451541,6.02,6.21,3.39
720503,4.57754959285523,5.5,1.98915176438916,5.70072331031728,5.33698231045197,6.25,6.55,3.22
720533,27.3294518756842,5.6,6.60679266276674,-5.70072331031728,1.37004362135258,6.18,6.48,3.02
720564,12.1394742500307,5.3,4.79529128497944,8.54096132263642,3.5758133383176,6.12,6.28,2.93
720594,4.42300565068692,5.2,4.71243475397358,11.2942010188162,3.82691833920337,6.16,6.36,2.6
720625,-4.77273176246484,4.9,5.55125753879935,8.40143455078017,3.60603890462343,6.34,6.46,1.96
720656,4.38149029221648,5,6.28368985988814,13.8729868812911,6.29758780607457,6.6,6.64,1.39
720684,1.49185749627563,4.9,4.25482067316025,24.5742376122486,8.43161431655677,6.8,6.71,0.94
720715,2.26890462869989,5,2.68693766141226,8.0808386176134,8.93571981076278,6.67,6.67,0.97
720745,5.25494718424255,4.9,3.02541586614922,8.02678578095559,5.86947983445345,6.8,6.85,0.22
720776,3.34993630750802,4.9,3.73595898855399,13.2598034239022,6.853825244416,6.69,6.9,-0.36
720806,3.53757761597038,4.8,0.405721720380114,-2.64026509152284,4.34581685232267,7.33,7.13,-2.16
720837,-3.54208978378097,4.8,3.97194046471867,41.5625959953072,13.7419481430756,7.63,7.4,-1.97
720868,7.08571668748448,4.8,1.67827848442812,-2.55591150938965,4.77771035902173,7.05,7.09,-2.15
720898,10.453408810428,4.6,5.12904069132034,-2.56136703435903,6.73602561220026,6.77,6.79,-1.6
720929,2.75576747765029,4.8,4.83003603344656,10.2128276014906,9.78874481650838,6.92,6.73,-1.61
720959,-3.21361851339503,4.9,1.70822915522493,10.1266423750374,9.855316412348,6.8,6.74,-1.47
720990,-10.3036092985739,5.1,1.060647858408,29.8770619460726,11.4606661863466,6.95,6.99,-1.17
721021,-7.20690002319415,5.2,2.36386737479322,21.9295442921776,13.8763059839718,6.82,6.96,-0.44
721049,-7.89949926209346,5.1,0.643883758660735,12.0121123141205,13.8587693577374,7.31,7.21,-0.73
721080,-0.697898308065703,5.1,1.31735164304132,11.893060679345,8.43522823496343,7.92,7.51,-1.64
721110,1.10473418090251,5.1,2.55398965975075,14.1178098955036,11.7568272502643,8.18,7.58,-2.26
721141,-0.809517093946965,5.4,0.839945819610932,0,10.1305283161887,8.1,7.54,-2.66
721171,4.73374389044281,5.5,0.488425343807108,32.3096440447111,8.81735450128254,8.38,7.81,-3.44
721202,-2.03369549103343,5.5,-0.259451210828132,22.557055161003,12.4977545643715,8.63,8.04,-2.24
721233,-1.273474178344,5.9,-0.137379236805657,13.3334705100848,12.4135174751661,8.37,8.04,-1.16
721263,3.90662680100604,6,0.305265837312163,21.8984179060792,8.52957833735406,7.97,7.9,0.42
721294,-7.18879444675764,6.6,-5.5833619958868,23.6354999708691,8.99673453386178,7.68,7.68,1.15
721324,-0.730085215992915,7.2,-9.43583817246889,0,9.45300293171325,7.31,7.43,2.1
721355,-1.08709647967871,8.1,-5.56069277337059,6.36606267563202,7.38784791041631,7.41,7.5,3.68
721386,-0.604227515187716,8.1,-5.83617105137932,-2.11827062948338,6.52422079845483,7.11,7.39,4.41
721414,0.897997627613734,8.6,-4.21968839271756,0,4.04359430504115,7.3,7.73,4.94
721445,1.3913916486068,8.8,-2.94694089636707,10.5541577433929,4.11561262269142,7.99,8.23,5.09
721475,7.36279533348494,9,2.57113839838468,6.28822399626756,4.7411476720205,7.72,8.06,5.47
721506,20.7486085882827,8.8,-1.61415676171686,10.4076975041146,7.47930744780625,7.51,7.86,5.07
721536,-13.3160377477594,8.6,3.89847104917962,10.3182063062778,10.2505237053769,7.92,8.06,4.45
721567,8.91905028763986,8.4,5.97182940209962,10.2302409880313,5.19717203699432,8.33,8.4,4.45
721598,2.82632780347782,8.4,1.16594667841809,8.1218584153671,5.92408378783471,8.37,8.43,4.37
721628,5.59459638141533,8.4,4.8382160030549,10.0756259434878,6.971215013467,7.97,8.14,4.8
721659,-0.0517120059967624,8.3,2.24190756141738,4.00668151861687,7.67118367154733,7.8,8.05,5.34
721689,1.76433600669057,8.2,5.11747573944419,1.99833518287349,6.60074436306086,7.76,8,5.36
721720,7.84063337517864,7.9,7.45210675016423,-1.99833518287349,4.57050134236958,7.46,7.74,5.54
721751,6.96837015401712,7.7,4.77501758338619,-2.00166852083647,1.54675914363303,7.45,7.79,5.47
721780,3.16485981550727,7.6,3.52708914544095,2.00166852083647,1.78849704538511,7.49,7.73,5.28
721811,4.61152940748022,7.7,3.69837352236502,5.9850498132473,2.7182836405947,7.25,7.56,5.12
721841,1.37658751419565,7.4,0.302640540304111,1.98840144915522,5.70053124641383,7.59,7.9,4.57
721872,1.78735057045785,7.6,0.967937136569219,1.98511211523211,5.23192296734898,7.61,7.86,4.41
721902,7.3881941194351,7.8,2.58238365989598,3.96039963438781,6.04858161187565,7.49,7.83,4.51
721933,3.36790297150884,7.8,2.36607696073889,3.94737198047856,6.61444097322317,7.31,7.77,4.35
721964,1.02259142737324,7.6,2.82713983244349,3.93442975403815,6.73624804189838,7.13,7.59,4.15
721994,-0.384233861547045,7.7,0.285351340180284,5.87756277065594,6.26633277738193,6.75,7.41,4.27
722025,10.4698684196109,7.8,4.93035392072585,9.73241344494475,5.45143514543902,6.52,7.29,4.28
722055,3.66076742538297,7.8,3.10664317692328,9.65411482179803,6.71155783296928,6.1,6.87,4.47
722086,-5.7907696374123,7.5,3.6043666711592,1.92153764036895,6.9063822297398,6.58,7.21,4.47
722117,3.87211174658191,7.6,4.42361242662415,13.3652932925468,9.36466046479758,6.83,7.39,4.44
722145,5.30142644469578,7.4,5.95644748306512,9.45631371036662,6.01178722796316,6.93,7.46,4.43
722176,5.13915700135215,7.2,4.9583503499008,5.63822493786503,6.9695674914799,6.79,7.37,4.34
722206,2.99838501937444,7,5.2742185798003,7.47665970076383,6.06061894328249,6.94,7.46,3.66
722237,1.88356106565948,7.2,5.83318278688267,3.72093321389748,6.66909106216647,6.76,7.28,3.52
722267,6.62604755400551,6.9,5.02293229233786,3.70943108360713,6.22112573868012,6.84,7.33,3.45
722298,4.67804753654804,7,3.48625093767936,7.38463868925443,5.59389414987201,7.03,7.4,2.92
722329,7.49155580640135,6.8,6.58317328064726,5.50880845031934,4.49348320868186,7.04,7.34,2.66
722359,10.3429129835504,6.8,3.843858616208,7.30595864070551,5.54717620058689,7.32,7.52,2.42
722390,9.3861751649257,6.8,5.32943670368056,9.07033796871275,6.91644566009977,7.34,7.58,2.44
722420,5.33033190451349,6.4,3.37400790543043,5.40947572702777,5.78208553654402,7.48,7.69,2.43
722451,-4.22887168961381,6.4,2.61295693878054,5.38519976326484,7.06162743996401,7.77,7.96,2.47
722482,5.35507577326371,6.3,5.0111549625278,8.92197418502221,5.57618456085116,7.83,8.03,2.42
722510,6.81099082193981,6.3,7.21095076299108,5.32151648143824,7.74184618024876,7.86,8.04,2.43
722541,6.86463214514603,6.1,9.81697798861845,14.0764077425885,9.04666153901594,7.98,8.15,2.43
722571,1.36707422957798,6,4.82305147413484,8.71463525014136,8.55460413732612,8.18,8.35,2.13
722602,4.3522768886163,5.9,6.10174323854338,10.3747043914247,7.82657454466769,8.36,8.46,2
722632,6.56682296430375,6.2,3.50035274664791,10.2857772601691,6.55327612451835,8.54,8.64,1.79
722663,5.44787627287064,5.9,3.83314482104282,1.7057572168536,6.030951760434,8.33,8.41,1.44
722694,1.54398799787003,6,1.89144776001839,11.8728883742371,6.8309077035952,8.43,8.42,0.97
722724,4.42888325153348,5.8,4.57919303576872,5.05263904361328,9.4709691335499,8.61,8.64,0.63
722755,2.06240421284818,5.9,5.92015808320454,10.0418996046194,6.80721883577,8.84,8.81,0.07
722785,6.78139063855809,6,3.79528391276764,13.2598034239017,5.61504037620626,9.08,9.01,-0.09
722816,4.10225045821946,5.9,1.85261391661342,14.7442127911816,8.99716712629832,9.2,9.1,0.06
722847,4.73407708224016,5.9,3.33290443248302,11.3437711725062,6.41901464780066,9.13,9.1,0.02
722875,3.68099203135799,5.8,5.69976538441921,9.63860603671627,9.31518387430739,9.2,9.12,0.17
722906,-9.61023654649793,5.8,-0.831768211460826,12.7322149344188,12.4404874989084,9.25,9.18,0.32
722936,-4.19540329615344,5.6,4.98198320577572,6.31580405312988,12.3779954669166,9.24,9.25,0.23
722967,-0.625970716999547,5.7,4.25577303926516,6.28273686473335,9.83066885235235,8.85,8.91,0.09
722997,8.98348457777587,5.7,1.45071416531692,12.4676446189635,9.14167511236421,8.9,8.95,-0.18
723028,1.85180008332253,6,1.10349725531336,12.3394403467007,9.13620811423588,9.06,9.03,-0.59
723059,-0.156261903960342,5.9,0.358750355609061,19.7848489308249,10.5507022986359,9.41,9.33,-0.89
723089,-0.0591661961067302,6,2.04415783248209,13.5085854295614,9.73929317179749,10.63,10.3,-2.37
723120,3.74379684651132,5.9,1.21952577133726,14.8333161882892,8.29438911834632,10.93,10.65,-1.19
723150,2.89779526267964,6,1.31093284576096,11.7360348643675,10.0569188026508,10.42,10.39,-1.72
723181,1.57126437752311,6.3,1.69282341598063,17.3916087630797,12.4766422637501,10.74,10.8,-1.4
723212,-5.61165785441133,6.3,1.09641526096453,17.1431486969723,12.9517844980958,12.6,12.41,-0.56
723241,-6.39477606918817,6.3,1.46472634294312,12.6985311966443,14.6328649749098,13.47,12.75,-2.74
723272,-1.45830902430504,6.9,-1.91373918026514,9.7845620723195,6.27207610756777,11.84,11.47,-3.42
723302,-3.69209661660932,7.5,-5.6799669125887,5.55556547848965,9.3029445189222,9.95,10.18,2.19
723333,2.97444966731462,7.6,-4.24106224154812,9.66077673260024,7.53695794870044,9.21,9.78,3.24
723363,9.06155824253361,7.8,-3.48114348197726,19.0913117639738,9.26083322651436,9.53,10.25,3.62
723394,2.5942986533849,7.7,3.4545064120536,13.453055699059,9.99572441428995,10.84,11.1,3.54
723425,5.32244545598672,7.5,1.51737009436417,5.33927465945006,11.0254095726589,11.62,11.51,2.83
723455,10.4225593261638,7.5,3.67896781300772,9.28694519154725,9.59664407158538,11.86,11.75,1.42
723486,3.04030307661307,7.5,3.40328086110588,7.90343142342813,9.71688033726732,12.83,12.68,-1.21
723516,5.93595608160626,7.2,2.58902626711546,5.24018299960822,7.77298957147678,13.25,12.84,-3.76
723547,-3.72031526670327,7.5,1.18696980706829,13.001210598852,11.4554708629868,12.77,12.57,-4.05
723578,-3.22618736351785,7.4,0.948731231270017,10.3004924296702,12.0852474875104,13.41,13.19,-0.56
723606,3.92645906791316,7.4,1.3822232282692,14.0203400501829,8.3335559488031,13.41,13.12,0.64
723637,-2.08818856453448,7.2,0.960036874537451,12.6051579202514,5.22652448220366,13.99,13.68,-0.16
723667,3.66141799742721,7.5,0.17088493229096,3.75587161071316,5.392176949095,14.63,14.1,-2.57
723698,6.65181208229555,7.5,2.54724199242347,6.23378025252492,4.77874361902249,13.95,13.47,-3.3
723728,17.9011949683435,7.2,1.45501435154216,2.48447293716971,7.21252338238898,14.79,14.28,-2.87
723759,4.6330282756827,7.4,-0.471703269779766,1.24031018794,7.4606136657362,15.56,14.94,-1.48
723790,-1.66526581455955,7.6,-1.15383363529489,4.94846062063381,7.2566767962277,15.93,15.32,1.05
723820,-4.40544240503229,7.9,-1.27312611404875,4.92813834318468,5.43349609859156,15.41,15.15,2.03
723851,1.5102567945803,8.3,-2.74772649374597,3.68286734090084,6.39931864265488,13.38,13.39,3.08
723881,-0.715504157417968,8.5,-3.63824386437415,4.89297313998733,3.71940085135876,13.6,13.72,4.18
723912,-2.69624984404686,8.6,-4.36460307017441,7.3022537706553,7.12045329632716,14.65,14.59,3.88
723943,5.06998420969538,8.9,-0.0265005962646114,-1.21396064981312,3.58305405563613,14.54,14.43,2.4
723971,-0.858330533259988,9,-1.71052587845253,0,3.08470243980334,13.98,13.86,2.14
724002,8.24859740164356,9.3,-3.77442387994762,2.42669445692094,0.615990089241691,14,13.87,1.84
724032,-0.117409711915428,9.4,-0.572515918702976,0,7.08676067496334,13.75,13.62,2.19
724063,-4.12496577756869,9.6,-3.2271706156898,9.65799981939419,8.66705028919217,14.43,14.3,2.77
724093,-0.0175607863567961,9.8,-4.60237148952771,4.80000640001492,7.09530836505241,14.07,13.95,4.21
724124,2.21695623356339,9.8,-2.11981003672506,4.78088281784963,3.72023172344882,13,13.06,6.2
724155,-0.672997799545527,10.1,-2.41954536284581,1.19225047065363,3.33337028635849,12.25,12.34,5.32
724185,-0.926830570787018,10.4,-3.71947066270479,3.56966054009149,6.71375801036049,10.8,10.91,5.02
724216,4.45723819727206,10.8,-1.63427959956408,4.74308917898796,3.5786055887538,10.38,10.55,5.1
724246,5.98526225281404,10.8,-0.202751792865286,4.72441555120682,1.81008599166432,10.22,10.54,5.19
724277,-1.58118687459563,10.4,2.95678054196031,-9.46750473019478,5.61124092535898,10.03,10.46,5.26
724308,0.717967252643348,10.4,-0.984784240264247,1.1875310221992,2.02053435827327,10.26,10.72,5.44
724336,5.65114713420627,10.3,2.33249327680056,-1.1875310221992,1.5500540368377,10.08,10.51,4.84
724367,0.878295809674512,10.2,3.68498614074895,1.1875310221992,5.4706680596416,10.02,10.4,4.49
724397,6.0932729488961,10.1,3.75402522819854,3.55555815678876,3.39739312201601,10.03,10.38,4.46
724428,1.64555098670931,10.1,5.03604668672111,2.36453278475821,4.45820946223598,10.63,10.85,4.39
724458,3.43498273488265,9.4,5.532599100939,0,6.74104585509205,11.21,11.38,4.02
724489,-1.67300865316662,9.5,-4.09379792940072,3.53808610115713,5.13940082034647,11.63,11.85,4.08
724520,8.26562835247131,9.2,14.7937653455166,3.52768504910976,4.18211010751666,11.43,11.65,4.1
724550,11.5567642313145,8.8,3.58489490599894,0,2.03769789157402,11.28,11.54,3.98
724581,9.66713726748196,8.5,4.64571588181641,-2.35063738239987,1.69942882126577,11.41,11.69,4.27
724611,10.7248771393067,8.3,4.62779965755118,3.52423160797244,0.669536124494918,11.54,11.83,4.28
724642,4.28943677966629,8,5.75005291584674,8.18317832646578,5.20007969801348,11.37,11.67,4.09
724673,6.92588297706607,7.8,6.25088858964418,4.65116861363128,8.04186026577121,11.54,11.84,4
724702,7.29655817818511,7.8,3.49865725415057,4.63321038895117,3.9418979750403,12.02,12.32,4.08
724733,7.74570536151558,7.7,4.65332997738486,1.15551284807225,4.53953519205896,12.37,12.63,4.02
724763,2.70895009378194,7.4,3.9086734222316,-1.15551284807225,1.52500142719862,13.17,13.41,4.42
724794,8.98860341068755,7.2,4.84895424253864,0,2.13175134879808,13.48,13.56,3.99
724824,2.7075404845867,7.5,3.93093742896795,2.3099140915015,4.29881891889661,13.27,13.36,3.92
724855,7.81473212593511,7.5,3.07236985676909,-2.3099140915015,3.67912734349627,12.68,12.72,2.99
724886,9.12612791861847,7.3,3.93327242086272,0,1.62639430100704,12.53,12.52,3.05
724916,-3.54279770886166,7.4,3.58166079909878,-2.31436908768679,2.82931485428879,12.06,12.16,3.95
724947,6.26355572744686,7.2,4.42146306036904,4.62428317918828,1.66663478498403,11.33,11.57,4.05
724977,8.04424697919757,7.3,1.56177627217744,0,3.37247575198418,11.07,11.5,5.02
725008,-1.36385656694671,7.3,3.30425865599722,0,5.98241033486531,10.93,11.38,4.91
725039,0.809845540927512,7.2,1.63007154034887,1.15329177546108,5.5872632184558,11.13,11.51,4.73
725067,4.9447315668715,7.2,4.2080262418331,0,4.67419054012073,11.52,11.86,5.11
725098,-2.40003574670027,7.3,2.42624386346293,5.74989121187919,1.72825498889519,11.01,11.43,5.24
725128,2.42421916428555,7.2,3.3835885551099,3.4367565257142,2.85979216510199,10.34,10.85,5.18
725159,4.10284487481007,7.4,1.81135829762837,-3.4367565257142,3.26001030594014,9.6,10.16,4.87
725189,1.63139126380898,7.4,2.32487887099282,1.14667949480207,2.93547744373832,9.7,10.31,4.55
725220,-0.173011737710738,7.1,2.35717869213374,-2.29445576595069,3.96277754302261,9.81,10.33,4.6
725251,5.36441139370467,7.1,2.5116786870754,-8.06532080769315,2.02137463806569,9.81,10.37,4.56
725281,5.60778419988779,7.1,2.29878100439862,12.649853604556,1.99557208466032,9.69,10.24,4.37
725312,1.6856907999383,7,2.56259122380911,6.84412501664404,3.48987028469345,9.28,9.78,3.94
725342,7.12373207381987,7,2.02180183019536,5.6737694351348,4.036465768956,8.73,9.26,3.31
725373,-0.94784244777415,6.7,1.49588802239222,-5.6737694351348,5.50867249030595,8.68,9.19,3.3
725404,5.82178955845265,7.2,1.39690974834181,-16.0307727542374,0,8.34,8.7,3.25
725432,11.2834388104751,7.2,1.05571320535063,-15.0799471198301,-2.64011865001219,7.46,7.78,3.02
725463,4.060768636662,7.1,2.26603788525992,-5.85081607618072,-2.46787862464029,7.05,7.3,3.2
725493,1.44752520629794,7.2,1.53653061539103,5.85081607618072,2.20132548876837,7.52,7.71,3.44
725524,0.564435874984071,7.2,-1.12498307156272,3.49684560221917,4.45697375667518,7.64,7.8,3.42
725554,5.97329295094013,7,3.84236186270499,-9.34766167839989,0.287692833953557,7.06,7.3,3.6
725585,2.8399646340759,6.9,1.38650981711521,4.68293277231808,1.52583153487509,6.8,7.17,4.01
725616,1.52186091477091,7,4.1619512254826,2.33463108658896,3.9052407670555,6.92,7.45,4.31
725646,0.763150889613939,7,2.24338372303592,6.97676383850379,2.15676982828619,6.83,7.43,4.39
725677,2.45417111130095,6.9,2.23919757233304,-1.15998075731376,2.15290040172142,6.76,7.25,4.03
725707,4.91364302198107,6.6,2.40218786802515,2.31884130126438,1.6011846753667,6.67,7.11,3.06
725738,-1.20817937414586,6.6,2.01603530745231,5.77757495464937,5.59828984893436,6.64,7.08,3.29
725769,4.11662500757615,6.6,2.86909168059353,3.45323979313825,4.2033855151459,6.79,7.25,3.55
725797,3.14543568398804,6.6,2.90969694675312,1.14887514759232,3.17000980468478,6.79,7.25,3.48
725828,-0.551132631755991,6.3,3.96718065102348,6.87024777364798,4.45855790304286,7.57,8.02,3.67
725858,7.36879340559327,6.3,2.70436621419989,1.14122690484493,3.0422095675334,8.26,8.61,3.66
725889,-1.04054620572214,6.2,2.02722660034311,3.41718313501396,4.53816845642336,8.02,8.4,3.79
725919,4.06694675557873,6.1,4.07941729261054,2.27272795208471,2.76608983609776,8.01,8.45,4.03
725950,6.18679874781591,6,2.02866167426095,2.26843167740256,4.74537036927529,8.32,8.76,4.07
725981,0.87891490707932,5.9,2.65669377580835,3.39462744057322,4.02524137508884,8.94,9.42,4.09
726011,7.59774269985982,6,5.72637576202837,-2.26201763492568,3.79985634650808,9.08,9.52,4.33
726042,5.38205354352144,5.8,2.71948206070505,0,2.28684428328734,8.35,8.86,4.54
726072,12.8959237893838,5.7,3.35019272536456,-2.26628962544169,2.21915048669352,8.45,8.99,4.52
726103,-1.69942448103839,5.7,1.06453766129846,6.78606898001419,4.63638377288547,8.18,8.67,4.24
726134,4.80434938227461,5.7,5.32008353342519,-1.12834987157058,1.76554075251367,7.71,8.21,4.04
726163,2.67044192151502,5.7,3.16239048778257,3.38187166061026,4.13045215475059,7.83,8.37,3.99
726194,2.72111548642826,5.4,2.78748434545335,4.49438727619444,5.82550755627054,8.19,8.72,4.03
726224,0.888236686082422,5.6,2.63240827759006,2.24089700975476,3.4734704334106,8.58,9.09,3.95
726255,4.02522263068334,5.4,4.15430681970008,3.35351871721983,5.09836521048967,8.49,8.92,3.49
726285,5.20533144355539,5.4,2.54936646275326,10.0046897253936,5.81794314218982,8.66,9.06,3.36
726316,3.03544696653901,5.6,1.40893096517232,4.41989449955607,3.55525370301777,8.94,9.26,3.2
726347,2.24734255736081,5.4,3.84341360360736,2.20385736876096,5.83404849127618,8.69,8.98,2.71
726377,6.59189044812365,5.4,2.97330677955898,2.19981729799343,3.91437655959663,8.51,8.8,2.11
726408,0.400547837839582,5.3,3.84418792488219,4.38757344373286,2.7649781818198,8.79,8.96,2.13
726438,6.19233648576198,5.3,3.15856211208185,4.37158953420145,3.75098515251402,9.09,9.11,1.89
726469,11.0213594421793,5.4,2.94872122922953,11.9403970238015,6.138430656301,9.15,9.09,1.53
726500,3.72499204044061,5.2,2.97500478583217,8.60990240675363,3.98123689579215,9.27,9.17,1.25
726528,6.39231420214941,5,2.16509861196599,4.28189571182145,4.46815954402808,9.51,9.36,0.82
726559,-4.64293291789417,5.2,1.89404529321919,8.51822565321356,7.97318637054047,9.3,9.18,0.77
726589,-5.10425733118822,5.2,1.35741586257794,9.51127832690482,4.36277582618843,8.91,8.86,0.65
726620,3.39285408560954,5.3,1.26701873399,0,2.62982383609192,8.29,8.28,0.5
726650,3.98102010056505,5.2,0.466459357273408,-2.10711204271838,2.86054962633173,7.83,8.02,0.63
726681,2.62482068471286,5.2,0.566171277310445,-4.22535647829392,0.137923108019322,8.09,8.11,0.89
726712,3.28831353576078,5.3,2.76041860566423,6.3324685210123,2.67650787465534,8.17,8.19,0.89
726742,5.71374330804204,5.3,1.18425613153335,6.29922706337247,4.66957196276283,7.97,8.01,0.97
726773,1.13983451620001,5.4,3.04933229804547,2.09241552579229,2.62111338481006,7.81,7.87,1.26
726803,0.903635349759924,5.4,0.926521729207508,7.29485529165785,3.4729472732149,7.75,7.84,1.37
726834,2.94110713566695,5.4,3.99569245731328,22.6421811652603,9.06411756179679,8.12,8.21,1.71
726865,3.59800334031775,5.3,2.5906319235979,-1.01997456204614,5.2671858700343,8.42,8.47,1.9
726893,1.02836895345959,5.2,2.28958573012221,-1.02084225637533,4.51558166485775,8.6,8.59,1.93
726924,7.48787368610309,5.4,0.459581458223113,-1.02171142826073,2.50983989887317,8.77,8.79,2.04
726954,-1.44740446348166,5.4,1.67270269653059,1.02171142826073,2.6955778068583,8.74,8.76,2.23
726985,1.82091311658681,5.2,0.185712010203076,1.02084225637533,5.2970123641483,8.43,8.48,1.93
727015,3.89703917196655,5.5,-0.349599419806879,3.05732649455877,2.96221430247705,8.33,8.47,2.05
727046,-7.71010036806601,5.7,-2.27488219787872,13.159136505509,7.95787714257088,8.44,8.75,2.28
727077,-0.585110810771994,5.9,-1.07331594221023,15.0064481666835,7.3438377286358,8.51,8.89,2.44
727107,-9.96663613298736,5.9,-1.65566419576137,11.8714900604886,6.85241361321154,8.33,8.72,2.63
727138,-0.031002717867068,6.2,-1.67992670895885,6.8711844178619,1.50712882347577,8.02,8.39,2.81
727168,6.01492866848687,6.3,-0.527520843736795,-5.88717452262522,1.1337500552937,7.73,8.08,3.12
727199,-8.05164471579261,6.4,-1.2207808734054,5.88717452262522,4.54282614625292,7.7,8.09,3.54
727230,0.809362193860608,6.6,-3.53737129915288,-7.85600187157733,0.610578752390012,7.47,7.85,3.82
727258,1.70788386031333,6.8,-1.76707746327764,-4.93624719095074,0.258939581769013,7.77,8.11,3.97
727289,4.57384765045887,6.7,-2.3232451549589,0,2.1618131813856,7.7,8.04,4.03
727319,0.147839065806465,6.9,-1.27416187362073,2.96418429847485,4.9739858438862,7.7,8.07,4.08
727350,6.30534659718549,6.9,0.941902229046576,-1.97530908800267,2.02054265619296,7.94,8.28,4.06
727380,-2.70729394241869,6.8,-0.465318111690038,-2.9690736796212,1.88888333580834,7.91,8.27,4.07
727411,2.38721710562046,6.9,0.19944414224895,1.98019846914903,2.78205819895909,7.43,7.9,3.99
727442,3.75652180509363,6.9,0.288027474773145,1.97693619671817,4.12459342678702,7.14,7.65,4.06
727472,1.63310361549662,7,0.232587117062621,3.944128447948,2.25704254504322,6.87,7.53,4.28
727503,2.08976078730458,7,-0.675734948828222,4.91200030919927,2.61576525366358,6.62,7.42,4.64
727533,10.1737398592007,7.3,0.354531356445165,-0.980792862118918,3.00833792931492,6.19,7.09,4.83
727564,5.98973145036368,7.3,0.454090278933705,-2.94719755184367,1.62787918368572,6.24,7.03,5.1
727595,5.96871653748607,7.4,-0.642422020141709,2.94719755184367,3.03281192829274,6.58,7.34,5.17
727624,1.9894074377298,7.4,0.598128093019312,0.980792862118918,2.8992698402714,6.95,7.54,5.27
727655,4.46466874388634,7.4,1.70413705997348,0.979991887867726,3.25108530880733,6.78,7.48,5.48
727685,6.39764897915569,7.6,1.43667592493983,3.91198390464886,1.57746164956372,6.69,7.39,5.31
727716,4.99332499115965,7.8,0.728731551075157,4.87211387915778,2.14774767611097,6.48,7.26,5.29
727746,-0.948123159871983,7.7,0.860658035679052,-0.97284156118711,3.94540467732618,5.84,6.84,5.59
727777,4.64055546467534,7.6,1.4550934641008,0.97284156118711,1.60301628338289,5.6,6.59,5.35
727808,-4.58769732665516,7.6,0.374511210839046,2.91380151258593,1.95633852409145,5.38,6.42,5.4
727838,-5.91702511291601,7.3,1.98076139205838,4.84066812112296,4.23962893419478,5.6,6.59,5.74
727869,2.61858603961613,7.4,1.46146503360427,-0.966572746580496,2.35282052568309,6.04,6.87,5.87
727899,42.9648394862966,7.4,2.4464392955565,0.966572746580496,2.08360975846631,6.08,6.77,5.89
727930,-33.4980154075389,7.3,3.27239599206166,1.93081296684063,2.9250686279493,5.83,6.6,5.65
727961,5.50004033147502,7.1,2.72928364816565,2.89040685709416,1.81137418893051,5.43,6.26,5.36
727989,-3.1326111463855,7,-0.545360356236557,2.88346153957306,2.45768624609646,5.19,5.98,5.08
728020,8.99507920607761,7.1,3.29021042293718,6.70125395268002,3.18748545508996,5.13,5.97,5.18
728050,-0.266041676319873,7.1,2.95566651887853,0,3.70225135403572,5.2,6.04,5.21
728081,-1.47600711068279,7,1.96279588485808,-4.78278831624444,0.418403967454495,5.22,5.96,5.03
728111,3.9093043223339,6.9,3.31103346163744,-0.958849431758679,1.89841765586394,5.09,5.81,4.87
728142,2.59511327276911,6.8,1.63051572590973,-11.5663546053231,2.05178784427886,5.03,5.68,4.57
728173,-2.69867237446206,6.7,2.60853265023115,1.93548429055781,1.25021716465845,4.73,5.36,4.25
728203,-5.0655721559842,6.8,3.0647786854658,0.966572746580496,3.77745680359638,4.71,5.33,4.32
728234,3.08512967405932,6.6,2.69268876644659,1.93081296684063,2.26423314449242,5.06,5.72,4.64
728264,41.0116216149547,6.5,3.53101932007576,0,0.276255019133487,5.15,5.77,4.73
728295,-23.9343946619435,6.6,2.99854763886671,3.85233075629827,0.39700520352568,5.09,5.75,4.6
728326,1.20484015000173,6.6,1.98069049653853,1.92153764036895,2.77536485717214,5.4,5.97,4.51
728354,3.23742465308925,6.5,4.89508383758803,0.959616204676905,3.30138195591907,5.94,6.48,4.79
728385,11.1307846717587,6.4,3.6397650773047,0,1.42435288043394,6.52,6.97,4.96
728415,2.46597480951394,6.1,3.53395975103794,0,1.73097140063661,6.78,7.18,4.61
728446,-1.65409154464271,6.1,3.33451886423717,0.958849431758679,2.94205834776697,6.7,7.1,4.4
728476,2.03895607670503,6.1,3.90128288806082,4.78278831624444,3.76964553829673,6.91,7.3,4.54
728507,1.73454884446471,6,2.99077303122317,4.76380141309392,2.73877568648899,6.88,7.24,4.27
728538,5.22960947077706,5.9,3.66033576148581,-2.85601086817415,1.3415886767973,7.08,7.46,4.25
728568,10.6657208365746,5.8,2.19501155673356,-3.81861897415483,2.0349910193314,7.4,7.74,4.44
728599,-0.263180828332565,5.6,4.26409817236859,5.72338127884215,2.28524744792367,7.72,7.96,4.03
728629,5.69810036728171,5.5,3.06162194056085,4.74872008704246,0.777683881825197,7.78,7.81,3.65
728660,5.57283956970096,5.6,3.46591491918034,2.84023801231861,2.41436883674204,7.76,7.78,3.55
728691,2.71758747489415,5.4,2.01717043356595,2.83353142281619,2.1233276615245,7.37,7.47,2.93
728719,3.04953338234455,5.4,2.15749788430486,1.88531067844906,2.2204161203554,7.05,7.2,2.72
728750,1.40695664522852,5.8,1.66170915875341,2.82242388051692,3.15533483430244,6.86,7.06,2.55
728780,0.947754951193502,5.6,-0.20502481704483,0.939334685928728,1.84236640653133,6.41,6.63,2.19
728811,4.44569802901214,5.6,2.42729508582755,0,1.17094395730426,5.93,6.17,1.9
728841,4.06371175546454,5.7,0.961366418937359,1.87646637141938,1.50382241160507,6.01,6.28,2.19
728872,1.7788312940759,5.7,2.59388903366542,-0.937866401783793,2.58550687667984,6.24,6.49,2.45
728903,4.67206113814385,5.6,2.45595795445439,1.87500038147022,0.816196251700774,6,6.2,2.13
728933,1.79959639002263,5.5,1.58707304847567,2.80701882380612,3.109779385737,5.86,6.04,1.99
728964,3.94538620294043,5.6,1.46312982233781,2.80046801546447,-0.0332170735770632,5.69,5.93,1.88
728994,2.22857769281859,5.6,1.47149006789391,5.58140541087653,2.30640069340957,5.51,5.71,1.89
729025,4.11469674533294,5.6,-0.0405686370683611,3.70656665350388,2.66591343320748,5.36,5.65,1.91
729056,9.99751495997074,5.5,4.2825550082938,0,1.88409029449303,5.38,5.81,2.41
729085,4.23013339937555,5.5,2.56423296805579,7.37896252842027,3.61115773139815,5.97,6.27,2.72
729116,3.17402725080669,5.6,1.66281083582831,3.67253538372729,3.60032327721527,6.3,6.51,2.97
729146,5.2272265277864,5.6,3.29863937786428,0,2.06653414656266,6.48,6.74,3.06
729177,8.03145945139079,5.3,2.83881346997106,3.66133007147589,-0.0163870624142248,6.69,6.91,3.13
729207,-2.35046721700556,5.5,2.46221685823684,-0.914285758515376,2.53732761250163,6.64,6.87,2.95
729238,3.94526761161273,5.1,1.83836115450049,3.65297085747436,1.14413367789119,6.39,6.64,2.96
729269,3.49288165616457,5.2,2.10465996621707,0.911507829622593,3.37699814338848,6.6,6.83,3.05
729299,0.25360308749427,5.2,2.5386300041383,6.36124170440659,3.62741985412924,6.27,6.53,2.83
729330,3.90733344773011,5.4,2.94008242228827,0.90600230804263,2.14201736411432,5.97,6.2,2.48
729360,4.75104832877946,5.4,1.80418366603234,3.61718435150777,1.37730832390304,6.07,6.3,2.6
729391,7.01117977739401,5.3,2.17726631443611,0.902595003064732,1.55364967486875,6.33,6.58,2.84
729422,3.86855577648646,5.2,3.08100137157439,-2.7098242603099,2.52039837382831,6.2,6.42,2.75
729450,5.75766487876592,5.2,3.1026221293537,-0.904636303680206,1.25821683503631,6.54,6.69,2.79
729481,1.00437359087735,5.1,2.90818724598125,-7.26174682002636,1.17636799118124,6.76,6.89,2.83
729511,5.50812377738126,4.9,2.54868740430538,-2.7345245407048,-0.547753949848939,6.57,6.71,2.7
729542,4.34481477431063,5,2.62145523227773,-1.82648437088204,1.5459561701789,6.38,6.49,2.46
729572,5.34349045409144,4.9,2.89844605689069,-3.66133007147589,0.70789817972603,6.12,6.22,2.23
729603,7.06386602900295,4.8,-0.175464249470281,4.57491976158728,0.964643200970272,6.16,6.3,2.28
729634,3.62697304149435,4.9,4.78681344003391,1.82509540884759,2.88928562915061,6.11,6.21,2.16
729664,6.31565262880827,4.7,3.33557104477933,2.73244899846219,1.55412418665115,5.93,6.03,2.07
729695,8.51025343316252,4.6,2.95933484389508,-2.73244899846219,0.0640444041351884,5.8,5.88,1.9
729725,7.24647406949757,4.7,3.02913531481508,-1.82509540884759,-0.256198127523533,5.77,5.81,1.82
729756,10.6776871389364,4.6,2.53127086451101,-6.40978250440156,0.592375182970173,5.42,5.54,1.63
729787,8.2145722705917,4.6,1.95974874240505,-0.918484545414344,-0.624403795199768,5.49,5.57,1.74
729815,7.34999326364658,4.7,1.41977792563495,-0.919188095498669,0.192158851727697,5.61,5.65,1.83
729846,4.45241479006455,4.3,2.66234756421966,1.83767264091301,1.48818869461209,5.61,5.64,1.88
729876,5.5162798091331,4.4,3.83945314526741,-1.83767264091301,1.6460579100734,5.63,5.65,1.81
729907,6.94919267241119,4.5,2.21022609323782,-0.919892724234828,-1.02252762218384,5.52,5.5,1.57
729937,2.21520769340913,4.5,1.2272031067873,2.75756536514784,2.96931067173674,5.46,5.46,1.61
729968,4.61077247267951,4.5,3.21900576412588,-2.75756536514784,1.65706269526424,5.27,5.34,1.59
729999,4.24438721263911,4.6,1.97081719493397,0,-0.700785749370425,4.62,4.81,1.58
730029,2.34234092810084,4.5,1.91087361924147,4.59242810796212,2.62583902824822,4.18,4.53,2.11
730060,5.82817044647115,4.4,2.61541893961308,-0.917080671307247,0.0635854230569777,4.54,4.83,2.51
730090,2.95225769767029,4.4,3.43762866207626,4.57841074278313,1.20748332024867,4.45,4.65,2.55
730121,2.74059874031209,4.3,0.996482599232706,3.65019292858157,2.18943421041438,4.6,4.72,2.66
730152,4.83436981546035,4.4,3.9214801415774,-4.56447868709695,-0.28535193539696,4.91,5,2.63
730180,1.56356811861613,4.2,1.00176719412985,2.74077012939742,0.935067040637705,5.14,5.23,2.72
730211,-2.04222005886052,4.3,3.4576231752574,5.46283189255199,5.53207602433616,5.08,5.18,2.74
730241,2.94624620356245,4.2,1.96732819262877,1.81543151115697,0.599093489418934,5.44,5.54,2.98
730272,4.37406335972668,4.3,2.61499849505924,0.906686858397165,0.252160438006399,5.81,5.9,3.26
730302,2.18600175119406,4.3,3.01737469572743,2.71595740230524,3.17897656113573,5.68,5.79,2.96
730333,5.78596183099052,4.2,1.43638788807081,7.21264380257054,2.10418928802305,5.84,5.94,3.08
730364,0.0465938168836999,4.2,1.8786080855044,8.9552654419073,4.1973417891473,5.8,5.92,2.98
730394,7.99380561584897,4.1,3.73919802139966,-0.892525143413536,1.9058781588793,6.03,6.11,3.18
730425,8.95459323526708,4.1,2.66111226560639,4.45600214959292,1.04538457647791,5.97,6.03,2.73
730455,10.1386106877868,4,2.81123089243707,2.66568047418474,2.88178965142727,6.19,6.28,2.89
730486,11.9854693909254,4,2.13616989907734,0,3.41800899151927,6.58,6.66,2.88
730517,4.86317131485592,4.1,1.08953995788355,12.362140233391,3.85685575164416,6.68,6.52,2.56
730546,3.22567288397408,4,4.31181949906687,6.13363876468256,5.10786818472653,6.5,6.26,2.52
730577,6.03834344765204,3.8,2.65974513404856,-3.50109657542674,-1.18629606718628,6.26,5.99,2.38
730607,4.1034711498952,4,1.97278002559358,0.876232240466734,0.847473985029978,6.69,6.44,2.63
730638,3.07966052989457,4,-0.399748646596265,9.59656150454578,3.92139622479029,6.3,6.1,1.95
730668,5.98617411334885,4,1.58912156164916,0.868621101987799,2.8828842694395,6.18,6.05,1.81
730699,5.76936315070853,4.1,-0.0544493432144577,-2.60775184117641,-0.13785268923705,6.06,5.83,1.76
730730,0.0243027825618469,3.9,1.11571802143615,9.53417799772254,5.1357901799534,5.93,5.8,1.83
730760,1.54050129890209,3.9,-0.0181334622816109,4.3088017568742,1.6918262965067,5.78,5.74,1.83
730791,-0.0848453572892538,3.9,1.85725593590078,6.0064480068835,1.53733967435166,5.7,5.72,1.77
730821,2.47458915636045,3.9,1.38427625476467,2.56501700797251,1.56575627582782,5.17,5.24,1.62
730852,8.59278903100886,4.2,-0.0994698708595365,10.2055895074017,5.41118392717337,4.86,5.16,1.95
730883,3.44370901392708,4.2,0.822639182156593,1.69252496323438,1.66240596842364,4.89,5.1,2.38
730911,4.31481285498521,4.3,-0.379609547633919,-5.93431092822634,0.060407752341618,4.64,4.89,2.53
730942,-2.8421391704434,4.4,-2.57003981952053,6.77967905054331,2.15758197776132,4.76,5.14,3.27
730972,-3.43331475382058,4.3,-0.480230154441585,2.53253699345457,3.20656557822687,4.93,5.39,3.86
731003,-1.65100568876255,4.5,-1.00638820597183,-4.22386919733526,2.16297467498556,4.81,5.28,4
731033,-0.111971554481727,4.6,-1.10709486217218,-14.4733929060784,-0.405260890547154,4.76,5.24,4.2
731064,-1.05327800385098,4.9,-1.35349458909175,5.12821293285803,-0.0900765651230984,4.57,4.97,4.2
731095,1.93046355849731,5,-2.33814455376589,5.10639068416623,-4.00020421557095,4.12,4.73,4.96
731125,-0.398718600676773,5.3,-2.89030437003319,-19.6936278717484,4.34546100268598,3.91,4.57,5.42
731156,1.62999484477098,5.5,-2.85152992563766,-4.32432900395803,-0.735666720985506,3.97,4.65,5.72
731186,2.19841866294459,5.7,-1.46495569917633,-4.33996856422567,-1.26219317681056,4.39,5.09,6.23
731217,1.20932819010235,5.7,-1.19159477240274,-2.61153530711482,0.901702004881599,4.34,5.04,6.14
731248,-0.684019653085244,5.7,-1.06426907292558,2.61153530711482,1.98136263664317,4.3,4.91,6.15
731276,-1.57162678697702,5.7,-0.174409932493091,6.93643549859893,3.32493160971836,4.74,5.28,6.38
731307,1.71611523017532,5.9,-0.86324332183807,-0.864864902301576,5.1786938401758,4.65,5.21,6.28
731337,2.61707178729154,5.8,0.10104992408273,-2.59834096465994,0.84854578425535,4.49,5.16,6.34
731368,2.11523406509144,5.8,0.459210622551609,3.46320586696152,1.45750210020417,4.19,4.93,6.2
731398,-4.22911728848732,5.8,-0.863461384344788,-1.73035358028173,2.40546506997923,3.81,4.65,6.17
731429,-0.864707380318919,5.7,-0.0275675116888863,0.865488677980153,2.23779743137094,3.29,4.26,5.84
731460,0.0612856358749525,5.7,-0.790538084726222,4.31810469543983,2.11539820189159,2.94,3.87,5.65
731490,2.15551666543803,5.7,1.16723927266733,6.87680965078137,2.22970168682579,2.95,3.94,5.98
731521,2.86086789483448,5.9,-0.119429037432894,0,1.19436006542024,3.05,4.05,6.28
731551,3.34808689574615,6,-1.31450449205914,-2.57418761566548,1.04593143003981,3.03,4.03,6.21
731582,-2.32919716464295,5.8,0.992905684645251,11.9659111150231,3.26450786465919,3.05,4.05,6.11
731613,-3.37745205599944,5.9,-1.25045984099401,13.5307987488265,4.7339073941675,2.9,3.9,5.8
731641,2.27630840195303,5.9,-1.95184870174074,10.8825301118522,2.74676559361637,2.78,3.81,5.7
731672,4.95767192205889,6,-0.506894930524737,-15.0945386482327,-2.39576438454669,2.93,3.96,5.59
731702,9.09301801827382,6.1,0.175133366673919,-2.53431984377208,-1.60959930483564,2.52,3.57,5.12
731733,4.26453619773284,6.3,-0.0184338876302093,6.74632838015263,1.12694616870037,2.27,3.33,4.97
731763,1.11647297140749,6.2,-0.027651362407255,0.840630507232731,3.40367742328738,2.87,3.98,5.61
731794,1.567399508275,6.1,-0.387185990912542,7.53929181539341,3.87397782933157,3.37,4.45,5.98
731825,1.02762402551519,6.1,0.967730838957692,2.50260778922602,3.54260943792681,3.18,4.27,5.78
731855,4.69255456364337,6,1.84114064072034,6.64821645073879,-0.0869880391825006,3.19,4.29,5.72
731886,7.24297190984089,5.8,0.183958793591188,-1.6586042723425,1.49242036418791,3.29,4.3,5.66
731916,1.06540461257509,5.7,1.04802697210076,4.1422201985732,2.80593616824198,3.27,4.27,5.62
731947,-2.80970615381264,5.7,1.6620946423771,6.59795476631793,5.01694668623642,3.12,4.15,5.44
731978,1.50100548452201,5.6,0.513773259528705,-0.822763145018968,2.81643046302342,3.07,4.08,5.26
732007,4.37599375252162,5.8,2.90418400540062,3.28767328934383,1.97903889401019,2.79,3.83,5.11
732038,4.72267857419766,5.6,2.45893296172,8.17999077491827,2.17604029946976,3.39,4.35,5.46
732068,6.81113210484412,5.6,2.58147987280282,9.74294932620445,3.91265890752912,3.85,4.72,5.75
732099,1.4396296235077,5.6,0.901752311047233,0,3.45934386333688,3.93,4.73,5.75
732129,4.03749178602624,5.5,0.500680857358304,-1.61834144555257,1.19350685330168,3.69,4.5,5.36
732160,4.63312488702456,5.4,0.809750395606557,3.23450330600714,0.66727796093744,3.47,4.28,5.03
732191,1.52689633881877,5.4,1.41802084447704,1.61398813839995,2.38213477730334,3.36,4.13,4.66
732221,1.07643424482688,5.5,3.21161452758574,19.2004096157291,5.13102182882825,3.35,4.1,4.45
732252,-2.48076982722623,5.4,0.507265529351031,7.12168262377766,4.58940024441183,3.53,4.19,4.27
732282,40.34030156865,5.4,1.09532420372958,-5.53542991427847,0.604042178643738,3.6,4.23,3.99
732313,-31.9310540188567,5.3,1.35645347113567,3.9564823180541,1.54384180543907,3.71,4.22,3.74
732344,1.04974042371708,5.4,2.32951925259499,6.30336314743118,3.29156830071966,3.77,4.17,3.32
732372,4.02005559609862,5.2,1.11800690311767,7.83292598395633,3.44994388786901,4.17,4.5,3.43
732403,4.13483308564224,5.2,3.25791240858777,3.89737270161419,3.17578419176314,4,4.34,3.26
732433,5.59742550335685,5.1,1.54486413959773,-2.33690434127425,0.584097268360395,3.85,4.14,3.01
732464,3.32560678265565,5,2.25982012142438,0,0.681087673570602,3.77,4,2.82
732494,0.990026375828279,5,3.16733830867264,8.54649128929594,5.0612801010903,3.98,4.18,2.69
732525,1.77695279594872,4.9,1.803612027296,10.0225446098211,4.7919691277869,4.12,4.26,2.46
732556,-3.73402531181739,5,0.606547154115589,19.0419736627256,11.4669337586893,4.01,4.2,2.41
732586,8.8438843363889,5,0.793400246566023,12.7780725084417,1.81422427035791,4.33,4.46,2.52
732617,10.0399066386991,5,3.00836803855589,-13.5339780452483,-2.56526978433342,4.45,4.54,2.39
732647,6.50991100248959,4.9,1.38593792012358,6.78606898001419,0.0136595693817299,4.39,4.47,2.16
732678,14.5048694176836,4.7,2.48357309120451,6.74790906523413,5.83206734732116,4.35,4.42,1.95
732709,5.33230843764585,4.8,2.72600664495712,-13.5339780452483,0.597954735422235,4.57,4.57,1.78
732737,3.06282312527202,4.7,2.73746917642939,4.52830726036737,2.03624565250955,4.72,4.72,1.82
732768,0.448118045196821,4.7,1.39282738996087,9.75310151598983,5.1025606564302,4.9,4.99,1.89
732798,-0.650935838523736,4.6,0.343550538408977,0,2.96762741174135,5,5.11,1.81
732829,2.70890083326734,4.6,0.713213922796285,5.96274518782494,2.89310784637173,5.07,5.11,1.79
732859,-1.4097413460739,4.7,1.7152598716585,-2.97766902166252,4.2395759805629,5.04,5.09,1.52
732890,-0.581846522951679,4.7,1.52847239328437,8.1708765086006,3.79751383858711,4.82,4.88,1.34
732921,8.09693822599371,4.5,1.30731870046219,-14.1484729288454,-3.194993281652,4.67,4.72,1.18
732951,7.03420777181734,4.4,0.0789199656836104,-11.2888885222748,-2.92169861878904,4.69,4.73,1.17
732982,5.82973209703042,4.5,1.84874906508554,9.78982524175578,0.442732649288402,4.58,4.6,0.95
733012,6.01297557433966,4.4,1.6273442955935,8.22176993892292,4.3916367007288,4.53,4.56,0.98
733043,3.26676466206095,4.6,1.99180319893415,-1.49068342150969,4.26909031787837,4.75,4.76,1.09
733074,5.73423979963934,4.5,0.706819152546956,13.3499522719852,3.789413851311,4.71,4.72,1.02
733102,4.71975328112961,4.4,2.04829521932695,10.2815806452639,4.25379636973098,4.48,4.56,1.01
733133,0.323869929727039,4.5,0.426651191752114,8.74320807712046,2.52393814035194,4.59,4.69,1.14
733163,-0.622904390446877,4.4,1.3138290507051,5.07094023547765,3.34823852607578,4.67,4.75,1.14
733194,-1.52417013957802,4.6,0.660721159043476,0.722673915246475,2.52476642623662,5.03,5.1,1.45
733224,0.563944763258917,4.7,-0.269460753665385,7.9208208376226,1.9294402327894,4.88,5,1.39
733255,0.315532581805655,4.6,-0.199961602039167,-8.64349475286907,0.773529583152666,4.43,4.67,1.63
733286,2.51435092286272,4.7,0.695375051149227,11.5108796297264,4.48711133915012,4.2,4.52,1.65
733316,-2.33022200973281,4.7,0.686287658650997,12.1105213093287,3.40318488688958,4.2,4.53,1.72
733347,-1.10839689738143,4.7,0.954937147528767,21.7740829086033,6.23364532452975,3.67,4.15,1.91
733377,4.55786971738732,5,0.936835913361733,-4.88230839139483,2.75584092829106,3.49,4.1,2.41
733408,0.991557263422038,5,0.0953774454508505,11.1305145817571,3.18783562126335,2.98,3.74,2.6
733439,0.636120356984549,4.9,-0.685151810812812,4.14746956641174,2.52360608029569,2.78,3.74,3.84
733468,0.606060940371123,5.1,-0.425164231360498,10.3063902934142,3.71137626286533,2.48,3.51,4.28
733499,-3.75238226290406,5,-2.0846156304664,3.41588616651549,2.53613227632172,2.84,3.68,4.69
733529,48.5437316027962,5.4,-1.53972756931609,16.9350820828765,5.37473437096168,3.15,3.88,4.95
733560,-30.5576397422932,5.6,-1.48941208399975,18.6878081555641,8.50428242791281,3.49,4.1,5.07
733590,-20.0393964395388,5.8,-1.70943927039247,14.4817994561819,5.16194968276693,3.3,4.01,5.15
733621,-7.7106524943531,6.1,-2.42879691511249,-9.19544729468278,-1.02053143077327,3.14,3.89,5.15
733652,1.26578117982419,6.1,-4.02970090251671,4.60653156859934,1.29756299681247,2.88,3.69,5.5
733682,5.79026964011646,6.5,-4.22818860661565,-29.2535262178394,-7.32502774392358,2.73,3.81,7.91
733713,7.35263916785271,6.8,-6.41903987044543,-36.9049586158201,-13.8112688781739,2.29,3.53,8.82
733743,-8.21215751050275,7.3,-6.26665723836268,-22.4174645388771,-6.47601447522774,1.52,2.42,8.27
733774,-13.8615725224682,7.8,-6.99757276790365,7.75333093714679,0.437975014523317,1.6,2.52,7.99
733805,-14.6334394656954,8.3,-6.66950143555027,-1.40597555626911,2.44456918609721,1.87,2.87,7.86
733833,-3.33995279304915,8.7,-7.2228459304192,-10.5976549836527,-1.01582137040594,1.82,2.82,8.24
733864,5.53064957016645,9,-6.31033236520793,6.36981737487261,1.90235477618224,1.86,2.93,8.24
733894,17.6993257356578,9.4,-3.11745310009215,2.11578074205647,1.46327393544539,2.13,3.29,7.88
733925,-18.8366528007812,9.5,-4.26999532389942,22.3392140619257,7.08570320263817,2.71,3.72,7.29
733955,-4.7792608071596,9.5,-3.11836186428138,-13.9131993371027,0.076511907190735,2.46,3.56,6.93
733986,-2.84289594475595,9.6,-1.6817730291713,16.6765857050908,3.46342635532295,2.57,3.59,6.42
734017,1.87548545700196,9.8,-2.21839597714961,-2.76338636798812,2.00726303194259,2.37,3.4,6.16
734047,-5.07073269506719,10,-1.8348838908075,5.52042376687325,4.59894457902195,2.33,3.39,6.17
734078,3.17556700188319,9.9,0.110725792266209,15.7312027726611,2.98052080775726,2.23,3.4,6.2
734108,6.10523481066494,9.9,-2.48455898951789,3.39270794271442,0.504440131436468,2.34,3.59,6.25
734139,4.81061988008094,9.8,0.0184915516733497,12.1349348710631,2.40578223866308,2.48,3.73,6.14
734170,-0.727493371794452,9.8,-0.850906435950805,-8.07630642488135,-0.188761358841205,2.36,3.69,6.21
734198,3.78757766888782,9.9,1.67349214454049,8.07630642488135,1.47155175946203,2.43,3.73,6.11
734229,9.76377394327841,9.9,2.13239847026969,0,0.49011651420976,2.58,3.85,6.05
734259,10.0146987409396,9.6,4.97009454148483,0,0.251264173787291,2.18,3.42,5.85
734290,2.75796800110015,9.4,-1.27737308212303,-4.03135877469438,-0.665965116752076,2,3.2,6.05
734320,3.53549937309765,9.4,-0.7725973486572,1.34529162071892,1.03020474316757,1.76,3.01,5.83
734351,4.39490819136239,9.5,-0.0460036266254349,6.70392805036677,1.60635874228028,1.47,2.7,5.47
734382,-0.166884164109149,9.5,-0.598207690154595,4.00445310429234,1.11565529275843,1.41,2.65,5.47
734412,2.28943241237758,9.4,2.46453865050569,9.95305678233969,3.55314861064855,1.18,2.54,5.53
734443,2.86851616056083,9.8,1.14777627114862,5.27473376764576,2.25902976306749,1.35,2.76,5.73
734473,8.51591476985689,9.3,0.660621184086096,10.4804159625054,2.71518689328758,1.93,3.29,5.92
734504,14.8962170371313,9.1,0.174269958229445,9.09587462732233,3.94970081770829,1.99,3.39,5.92
734535,3.08173102297289,9,1.94277116365527,12.8756600070805,3.46699376481396,2.26,3.58,5.99
734563,-3.18657113024372,9,2.14987421278252,8.93146068849511,4.83702454409141,2.11,3.41,5.89
734594,-2.09544304699776,9.1,2.86659956015498,10.756729026426,5.01383217877702,2.17,3.46,5.92
734624,-1.01270820617927,9,0.920605426745169,6.28273686473442,3.66109657625913,1.84,3.17,5.69
734655,6.02173969052231,9.1,2.14836843630835,-4.39445952781767,-0.207856783120874,1.58,3,5.66
734685,4.18964513028399,9,0.545582684116397,5.02092782708807,2.19901106067333,1.54,3,5.69
734716,-1.3093086119575,9,1.14491686836473,-3.13561714863901,2.91358443745793,1.02,2.3,5.26
734747,-2.01050894330308,9,2.1143141323428,10.6278371162613,1.75205603634865,0.9,1.98,5.19
734777,1.47016702566347,8.8,1.84810545361742,-2.49221273380691,0.0729468501369013,1.06,2.15,5.3
734808,-0.716537709064369,8.6,1.1943180404991,3.11445801609267,2.46542571275654,0.91,2.01,5.06
734838,10.8144405352704,8.5,1.82537028306911,-1.24481338963527,0.691352553324265,0.89,1.98,5.18
734869,5.39305993920323,8.3,3.19223471713386,4.35120911864786,4.29685004072091,0.84,1.97,5.15
734900,7.38508491309631,8.3,2.35715807417733,3.09837507529487,2.84800712939308,0.83,1.97,5.04
734929,4.34974655748022,8.2,2.15517299309198,1.23711351162967,2.17970585739522,1.02,2.17,5.1
734960,4.47850735898072,8.2,0.735464509206452,-0.618397333963117,1.63518887082716,0.89,2.05,5.05
734990,1.04549807769274,8.2,0.896298329737988,-6.82348698197401,-1.41863883314528,0.76,1.8,4.91
735021,1.65962063774501,8.2,0.653875309620133,-4.98702016460655,-0.649767383114508,0.71,1.62,4.86
735051,-7.3892001029769,8.2,1.36035156980086,1.87256214851388,0.44524892833806,0.62,1.53,4.71
735082,-3.61247391462669,8.1,1.53748764002444,14.2600489758571,3.98783198518409,0.71,1.68,4.78
735113,6.61132784538978,7.8,1.66933881984619,11.0430227173946,3.68774236587015,0.67,1.72,4.7
735143,8.83619328705336,7.8,1.41755992635737,1.22075290283661,3.50957723426752,0.71,1.75,4.42
735174,17.1509910453473,7.7,1.38918794038503,-6.11622119157929,-0.798899059202185,0.67,1.65,4.35
735204,30.3482051371489,7.9,2.12519275271319,-2.45524382327673,-0.119284294333255,0.7,1.72,4.47
735235,-60.5757685664358,8,1.695674168257,6.73986964527877,2.2286563460657,0.81,1.91,4.59
735266,-5.16189761300936,7.7,2.46377540352753,7.30966727208298,4.36189079340004,0.85,1.98,4.7
735294,2.6298975334079,7.5,1.22999336042184,-6.69882480534234,-1.59078791029756,0.82,1.96,4.71
735325,5.58839854969122,7.6,1.68808097040198,-7.35071211201941,-0.891287704067878,0.71,1.76,4.44
735355,6.83539685128025,7.5,1.95908325491061,4.90547438360096,0.784368126329227,0.84,1.93,4.62
735386,0.982056476962612,7.5,1.59490710675882,0.611776714755052,2.61086380140299,1.2,2.3,5.1
735416,-2.50544816319831,7.3,0.985843230096606,-1.2238654808943,1.48091855479606,1.4,2.58,5.23
735447,2.15544191748407,7.2,2.12736398907509,6.10688340896495,1.79833805729075,1.52,2.74,5.34
735478,4.50537884711082,7.2,1.64129295672311,-3.04955691440725,0.496434347729036,1.6,2.81,5.39
735508,-2.60139361363088,7.2,1.97184685875911,2.44026520291669,1.96009017484577,1.37,2.62,5.22
735539,4.4397471935504,6.9,2.3095099421667,3.65111843531629,1.81553852370406,1.37,2.72,5.3
735569,4.34812189006522,6.7,0.602889952502039,4.85094142148803,2.35374959001895,1.58,2.9,5.29
735600,6.28803079221001,6.6,1.5277118034895,9.04299682644414,2.22005848392612,1.65,2.86,5.12
735631,7.64747145094162,6.7,1.44734851994386,2.4000007999998,0.633548767662262,1.52,2.71,5.03
735659,6.18199281282514,6.7,2.21124401482271,3.59102512374463,2.35527400002198,1.64,2.72,4.98
735690,3.55559173008331,6.2,2.82341828862371,5.36646857111016,2.21045153557142,1.7,2.71,4.81
735720,3.96099596241157,6.3,1.89014648694297,-4.17184428130781,1.96143337242134,1.59,2.56,4.67
735751,5.56260969978766,6.1,2.82100595758266,2.98136799319479,1.28253721364224,1.68,2.6,4.7
735781,4.40727234143523,6.2,2.00355562437551,0,1.76998052506221,1.7,2.54,4.64
735812,6.37733629872841,6.1,1.62112080301782,-0.595681322731068,-0.209466733141639,1.63,2.42,4.6
735843,4.26815315213815,5.9,2.6597529744862,-3.58031096026608,0.256009931053924,1.77,2.53,4.71
735873,5.49323046819907,5.7,2.16476306451696,-3.59102512374463,-0.337479091612991,1.55,2.3,4.6
735904,6.17387755269618,5.8,2.49493707853006,-4.20315666144191,-0.954765143223568,1.62,2.33,4.7
735934,7.41131430573603,5.6,2.29316327993914,-16.3515020541187,-1.97014708634455,1.64,2.21,4.62
735965,12.2173587423347,5.7,1.63163633673093,-21.5335180846413,-5.58994510678588,1.37,1.88,4.34
735996,4.59115127069794,5.5,2.31124386053452,1.24095150666186,1.96763595979412,1.47,1.98,4.4
736024,-2.41187361788917,5.4,0.604793641173273,4.33325206486579,2.30318512254613,1.52,2.04,4.43
736055,3.33071888572931,5.4,2.41613103771812,-8.05996313464981,0.969055466871183,1.35,1.94,4.36
736085,2.53006512387302,5.6,2.80985842113353,13.6083932608592,2.91412229042542,1.54,2.2,4.77
736116,0.87703627473843,5.3,1.47445150318717,6.74675940263647,2.37269156719293,1.68,2.36,5
736146,2.75262730954822,5.2,2.55481238552733,-1.2238654808943,1.04528611636425,1.63,2.32,5.07
736177,2.87475932443684,5.1,1.05586593092255,-4.29338561746171,0.0812618809533205,1.54,2.17,5.05
736208,3.34223188968963,5,1.30798481341898,-14.8379015651397,-1.67278175411667,1.49,2.17,5.2
736238,2.84072220687079,5,2.57803713462721,-3.11445801609267,-0.0930007266141786,1.39,2.07,5.22
736269,-0.349940880516186,5.1,1.9929159378421,1.24675335890316,0.825129685365056,1.67,2.26,5.34
736299,4.97139300977878,5,2.29154276568195,-8.12714750138213,-0.883258799827757,1.7,2.24,5.22
736330,0.859042739306659,4.8,0.9053377632533,-3.14054091842451,1.12720255807943,1.52,2.09,5.11
736361,0.862387695279665,4.9,1.77516063939649,-8.83749391465045,-0.766847431209428,1.22,1.78,4.96
736390,0.915996248070172,5,1.98139181327122,2.5316465086199,1.95101222681089,1.38,1.89,4.77
736421,-1.11515090236978,5.1,1.64449339661701,3.78748341772521,4.03131985775964,1.26,1.81,4.42
736451,-0.257280648218483,4.8,0.341971831343102,4.4036746667544,1.92977176109288,1.3,1.81,4.31
736482,0.972142690761046,4.9,2.14968707893703,8.13562438245441,2.41073955610709,1.17,1.64,4.15
736512,4.10594450121948,4.8,3.08448195432334,0,0.725733315135102,1.07,1.5,3.83
736543,0.725059153461416,4.9,1.18678364359752,-3.74805093872155,2.04811586668221,1.13,1.56,3.84
736574,3.53628313598264,5,2.39488783536999,4.99480429762471,1.56250022075746,1.18,1.63,3.91
736604,2.28954705889919,4.9,0.976470966632093,6.83408525871023,2.6149298314639,1.27,1.76,3.98
736635,2.45284291885,4.7,1.07485400196978,-2.48062103839857,0.549786203874802,1.6,2.14,4.3
736665,2.31952132494655,4.7,1.76728085456759,10.5074068193542,2.4366419712532,1.96,2.49,4.29
736696,4.24956169919781,4.7,1.62459178088028,7.97345126240252,4.41451659233465,1.92,2.43,4.01
736727,4.21836232484978,4.6,1.50717058181655,4.27155294668751,1.21769075984943,1.9,2.42,3.98
736755,5.12656202947284,4.4,1.14352712704218,0.608982504822819,-1.43404546828627,2.01,2.48,3.89
736786,1.43738335774231,4.5,1.80767474133106,6.0728874549973,2.77548822720313,1.82,2.3,3.67
736816,7.12141804378135,4.4,1.15712492168285,-10.9534229065076,-0.113623451965594,1.84,2.3,3.64
736847,0.916917667188244,4.3,1.72950258932829,1.22199603228026,1.49896397941305,1.77,2.19,3.33
736877,4.10512355839003,4.3,1.8660486641231,0,0.510582781207702,1.87,2.32,3.24
736908,2.45342024413944,4.4,1.55282697434131,6.69882480534234,2.9005225995629,1.78,2.21,3.15
736939,3.4521405477939,4.2,0.342985473089641,8.47204729286943,4.39405768914227,1.8,2.2,3.15
736969,4.55021332930698,4.1,2.03140292102972,2.40963936389456,1.88146969654532,1.98,2.36,3.17
737000,2.64338785538101,4.2,1.59660067133487,11.3801701416101,2.15948770459313,2.05,2.35,3.11
737030,2.65531856970895,4.1,1.45626642866787,0.595977166459249,1.74050589392962,2.18,2.4,2.92
737061,4.18113953369854,4,0.658400550282323,3.56966054009149,3.88735968918645,2.38,2.58,2.85
737092,2.19379854502648,4.1,3.06776847723569,4.15122726809862,2.65899614423013,2.6,2.86,3.09
737120,3.5478409610306,4,1.57951780018308,1.18343204857787,1.21581122570298,2.63,2.84,3.13
737151,1.15636160285391,4,1.23786001449986,0,2.53918851876165,2.7,2.87,2.98
737181,2.36757138687906,3.8,2.18134872766598,6.48809641493671,2.65593781586091,2.82,2.98,3.13
737212,3.74455631104524,4,1.72610835413352,1.76340957523209,1.87450645159188,2.78,2.91,3.01
737242,5.24639027201204,3.8,1.20035859642016,1.76082203274035,1.17423342641416,2.78,2.89,2.88
737273,3.64822619175271,3.8,1.84250880178212,1.17244757739137,0.940772865383721,2.77,2.89,2.86
737304,-1.26079629842266,3.7,0.843873413585783,1.75652629557916,2.17754809321242,2.89,3,2.93
737334,1.22123110685379,3.8,1.7020140673587,9.32496193126511,1.71052600039552,3,3.15,2.88
737365,1.00442175789652,3.8,0.73785942894844,-8.74002406933023,0.848839541340141,2.95,3.12,3.02
737395,11.3109231351942,3.9,1.92271785199125,-8.21519100958774,0.716085786291032,2.68,2.83,2.86
737426,3.6254741317876,4,1.89566549338949,-7.67908109043631,-0.947527937951165,2.54,2.71,2.72
737457,2.9106139097685,3.8,-0.39968025949122,6.50087775572779,1.44302943378953,2.49,2.68,2.55
737485,0.962946101444828,3.8,1.34239821162581,11.7302986855716,2.73808278973995,2.37,2.57,2.44
737516,-1.8111550510632,3.7,1.74766028662816,9.30237216518073,3.91481698385583,2.33,2.53,2.28
737546,-0.233383988687308,3.7,0.50228053366439,-2.89925243712581,1.21461376627856,2.19,2.4,2.24
737577,0.878356633483435,3.6,1.39412161133947,-6.98691930171975,1.41003527648138,1.83,2.07,2.08
737607,-0.702192060868612,3.6,1.53564120375549,2.91616182394989,2.10649876050084,1.83,2.06,1.88
737638,4.72724601841676,3.7,1.5495613385518,-3.5002455541477,0.795795756759432,1.49,1.63,1.75
737669,1.27232631213232,3.5,1.75375398646835,-1.75395889934755,0.566546528169098,1.57,1.7,1.86
737699,0.826590414692419,3.6,1.54530437101172,7.5820422348869,2.28525896111513,1.53,1.71,2.09
737730,5.15131930154524,3.6,1.85174231059193,5.22118300119203,0.912886413219738,1.64,1.81,2.39
737760,-2.35751972549423,3.6,1.27240468064187,1.15718427482285,3.13546973076484,1.68,1.86,2.33
737791,9.17100834663884,3.5,2.48559202208938,1.15606945357634,1.80811792386493,1.56,1.76,2.22
737822,7.95897392996352,3.5,2.27591231017072,-6.95318217717507,1.04897474811629,1.32,1.5,2.03
737851,-19.135358889443,4.4,-13.314878348757,-25.25172697766,-3.21470803041457,0.59,0.87,3.66
737882,146.811762852435,14.8,-176.937031988415,-34.924692799207,-6.368195775541,0.39,0.66,4.08
737912,-51.1746812743226,13.3,25.8382424268504,24.194367948413,1.99233414633433,0.34,0.67,3.9
737943,-18.6328194345315,11.1,42.947493356985,4.78088281784963,5.91393455522891,0.34,0.73,3.56
737973,5.26559287201067,10.2,14.9328185233827,5.35582342078946,3.16741246274752,0.28,0.62,3.22
738004,-36.7019124865948,8.4,13.5341548282419,1.77997560448233,3.55741072804996,0.27,0.65,3.18
738035,6.50894236801349,7.8,6.07179738878401,2.96077130214982,1.89298237695432,0.27,0.68,3.27
738065,-8.55741428133854,6.9,5.73820579364934,5.89971689836908,0.419063826426225,0.34,0.79,3.35
738096,-14.9419963714472,6.7,2.22040055780894,3.52595748293645,0.0322296181252568,0.39,0.87,3.21
738126,2.09565084583616,6.7,-2.57402521305892,9.93431532000351,4.38588748759869,0.39,0.93,3.07
738157,114.101340392688,6.3,1.96046166329751,12.7352859556225,3.50574296530866,0.45,1.08,3.15
738188,-89.8386402621952,6.2,3.9281003110716,18.2860681259189,2.8462177053953,0.54,1.26,3.34
738216,223.257752647185,6,7.65131853908514,15.2150429944644,6.17022541881234,0.82,1.61,3.67
